base_rent,qm,rent_per_qm,data_set
650,30,21.67,immoscout
720,48,15.00,immoscout
3058.6,203.1,15.06,immoscout
1539,81,19.00,immoscout
6062.05,391.1,15.50,immoscout
630,66.14,9.53,immoscout
3617.6,190.4,19.00,immoscout
1287,58.5,22.00,immoscout
3216.57,185.5,17.34,immoscout
3495.74,190.4,18.36,immoscout
2448,150,16.32,immoscout
1915.5,127.7,15.00,immoscout
2320,230,10.09,immoscout
2385,180,13.25,immoscout
483.4,54.67,8.84,immoscout
695.56,70,9.94,immoscout
330.56,45,7.35,immoscout
3000,130,23.08,immoscout
2159,135,15.99,immoscout
3000,130,23.08,immoscout
224.68,29.22,7.69,immoscout
376.87,59.82,6.30,immoscout
293.24,48.55,6.04,immoscout
949.55,59.31,16.01,immoscout
590,62.03,9.51,immoscout
544.32,64.6,8.43,immoscout
575.62,81.77,7.04,immoscout
457.04,52.72,8.67,immoscout
680,68,10.00,immoscout
1035,114.5,9.04,immoscout
650,55,11.82,immoscout
530.75,39.42,13.46,immoscout
3944,215,18.34,immoscout
4199,226,18.58,immoscout
795.9,88.63,8.98,immoscout
323.15,55.8,5.79,immoscout
780,21,37.14,immoscout
942.5,72.5,13.00,immoscout
500.8,87.05,5.75,immoscout
319.94,52.97,6.04,immoscout
1479.52,105.68,14.00,immoscout
494.41,43.87,11.27,immoscout
1020,64,15.94,immoscout
1060,106,10.00,immoscout
820,78.03,10.51,immoscout
1710,116,14.74,immoscout
1425,85,16.76,immoscout
1375,73,18.84,immoscout
410,41,10.00,immoscout
500,23,21.74,immoscout
286.66,47.46,6.04,immoscout
644,56,11.50,immoscout
764.85,50.99,15.00,immoscout
644,56,11.50,immoscout
460.37,48.46,9.50,immoscout
804.73,81.04,9.93,immoscout
650,55.49,11.71,immoscout
337.75,56.9,5.94,immoscout
664,63.2,10.51,immoscout
975,65,15.00,immoscout
825,90,9.17,immoscout
720,60,12.00,immoscout
890,25.62,34.74,immoscout
1059,50,21.18,immoscout
890,24.69,36.05,immoscout
1170,78,15.00,immoscout
1145,121,9.46,immoscout
460,19.35,23.77,immoscout
515,28,18.39,immoscout
460,19.5,23.59,immoscout
495.38,29.14,17.00,immoscout
2289.75,107.5,21.30,immoscout
2173.57,111.18,19.55,immoscout
2399.65,117.63,20.40,immoscout
454.12,49.96,9.09,immoscout
302.12,50,6.04,immoscout
360.32,65.5,5.50,immoscout
374.89,68,5.51,immoscout
340.88,60.5,5.63,immoscout
281.01,47.5,5.92,immoscout
411.23,75,5.48,immoscout
429.55,62.5,6.87,immoscout
395.41,70,5.65,immoscout
379.3,58,6.54,immoscout
366.54,68.5,5.35,immoscout
272.33,46,5.92,immoscout
444.14,54.5,8.15,immoscout
465.59,27.98,16.64,immoscout
1733.25,115.55,15.00,immoscout
404.64,67.44,6.00,immoscout
698.31,73.99,9.44,immoscout
1034,94,11.00,immoscout
498.76,69.33,7.19,immoscout
327.23,29.48,11.10,immoscout
531.49,88.33,6.02,immoscout
1384.74,153.86,9.00,immoscout
376.66,48.29,7.80,immoscout
333.29,43.1,7.73,immoscout
242.24,29.48,8.22,immoscout
473.61,54.88,8.63,immoscout
420.66,52.03,8.08,immoscout
800,19.94,40.12,immoscout
830,47.65,17.42,immoscout
676,68.1,9.93,immoscout
859,76,11.30,immoscout
995,111,8.96,immoscout
1809.22,95.98,18.85,immoscout
640,70,9.14,immoscout
634.12,52.33,12.12,immoscout
528.69,58.91,8.97,immoscout
490.31,58.51,8.38,immoscout
297.07,49.43,6.01,immoscout
333.34,51.68,6.45,immoscout
246.61,35.28,6.99,immoscout
250.24,35.8,6.99,immoscout
245.65,40.27,6.10,immoscout
318.55,52.74,6.04,immoscout
470,43,10.93,immoscout
850,30.14,28.20,immoscout
750,53,14.15,immoscout
666,68,9.79,immoscout
1722,123,14.00,immoscout
1618.54,115.61,14.00,immoscout
2052.76,108.04,19.00,immoscout
479.4,70,6.85,immoscout
885,98.25,9.01,immoscout
486.76,45.07,10.80,immoscout
842,93.5,9.01,immoscout
847.5,75,11.30,immoscout
600,50,12.00,immoscout
580,28,20.71,immoscout
511,37,13.81,immoscout
795,53,15.00,immoscout
1580,105,15.05,immoscout
1795,119,15.08,immoscout
1405,100,14.05,immoscout
1265,84,15.06,immoscout
1904,119,16.00,immoscout
1265,84,15.06,immoscout
1438,95,15.14,immoscout
1166,94,12.40,immoscout
960,53,18.11,immoscout
2168.32,98.56,22.00,immoscout
877,46.87,18.71,immoscout
531.72,45.72,11.63,immoscout
1733.4,86.67,20.00,immoscout
950,66,14.39,immoscout
732,79.84,9.17,immoscout
1000,98.21,10.18,immoscout
701.37,48.37,14.50,immoscout
1450,135,10.74,immoscout
500.57,65.18,7.68,immoscout
263,34.6,7.60,immoscout
521,89.8,5.80,immoscout
457.24,38.79,11.79,immoscout
1190,98,12.14,immoscout
2850,101,28.22,immoscout
1160,70,16.57,immoscout
553,55.81,9.91,immoscout
860,76,11.32,immoscout
1749,105,16.66,immoscout
604.55,74.36,8.13,immoscout
490,68.14,7.19,immoscout
626,25,25.04,immoscout
460,25.55,18.00,immoscout
382.58,53.21,7.19,immoscout
382.58,53.21,7.19,immoscout
550,31,17.74,immoscout
700.01,59.83,11.70,immoscout
803.4,59.13,13.59,immoscout
255.99,41.49,6.17,immoscout
780,40,19.50,immoscout
1040,42,24.76,immoscout
1190,50,23.80,immoscout
950,34,27.94,immoscout
426.39,47.69,8.94,immoscout
817.37,77.11,10.60,immoscout
445,40,11.13,immoscout
1349,80.6,16.74,immoscout
525,53,9.91,immoscout
420,39,10.77,immoscout
2236,86,26.00,immoscout
467.3,67.14,6.96,immoscout
858.77,67.62,12.70,immoscout
859.54,67.68,12.70,immoscout
1180,97.81,12.06,immoscout
640.46,71.5,8.96,immoscout
600,53.41,11.23,immoscout
2850,188,15.16,immoscout
820.22,50.96,16.10,immoscout
598,69.55,8.60,immoscout
1000,70,14.29,immoscout
666,77.42,8.60,immoscout
829,92.11,9.00,immoscout
662,76.93,8.61,immoscout
1500,100,15.00,immoscout
850,32,26.56,immoscout
709.89,55,12.91,immoscout
530,23.61,22.45,immoscout
1213,55.14,22.00,immoscout
1700,170,10.00,immoscout
649,28.81,22.53,immoscout
561.71,59,9.52,immoscout
1110,63.5,17.48,immoscout
415,51.9,8.00,immoscout
887,73.88,12.01,immoscout
850,61,13.93,immoscout
959,58.1,16.51,immoscout
1516.62,108.33,14.00,immoscout
1157,71.62,16.15,immoscout
1199.52,74.97,16.00,immoscout
1055.52,62.51,16.89,immoscout
1934.76,128.47,15.06,immoscout
3358.63,246.47,13.63,immoscout
1900,104,18.27,immoscout
1135,54.53,20.81,immoscout
368.7,44.93,8.21,immoscout
2064.63,110,18.77,immoscout
850,42,20.24,immoscout
495,65.99,7.50,immoscout
1190,108.05,11.01,immoscout
1073,32,33.53,immoscout
1348,60,22.47,immoscout
1348,60,22.47,immoscout
730,42,17.38,immoscout
1458.9,78,18.70,immoscout
1697,83,20.45,immoscout
1650,110,15.00,immoscout
2200,160,13.75,immoscout
1697,83,20.45,immoscout
1073,32,33.53,immoscout
947,30,31.57,immoscout
1348,60,22.47,immoscout
1697,83,20.45,immoscout
1084.45,94,11.54,immoscout
750,40,18.75,immoscout
1550,82,18.90,immoscout
1230,58,21.21,immoscout
1080,55,19.64,immoscout
1245,60,20.75,immoscout
515.36,63.39,8.13,immoscout
1547,67,23.09,immoscout
1498,82,18.27,immoscout
595.2,49.6,12.00,immoscout
760,29.12,26.10,immoscout
3099,159.22,19.46,immoscout
682.99,74.4,9.18,immoscout
1300,100,13.00,immoscout
799,36,22.19,immoscout
847,30,28.23,immoscout
2900,158.85,18.26,immoscout
999,52,19.21,immoscout
1291,54.61,23.64,immoscout
460,19.5,23.59,immoscout
614,75,8.19,immoscout
1500,105,14.29,immoscout
2350,90,26.11,immoscout
2350,90,26.11,immoscout
2350,90,26.11,immoscout
1300,47.14,27.58,immoscout
1300,47.14,27.58,immoscout
1300,47.14,27.58,immoscout
746.58,64.72,11.54,immoscout
750,65,11.54,immoscout
746.58,64.72,11.54,immoscout
325.98,36.22,9.00,immoscout
843,62,13.60,immoscout
337.66,33.8,9.99,immoscout
755.54,75.63,9.99,immoscout
337.66,33.8,9.99,immoscout
905.28,56.58,16.00,immoscout
349.97,67.43,5.19,immoscout
337.66,33.8,9.99,immoscout
452.88,74.98,6.04,immoscout
482.13,64.37,7.49,immoscout
300.66,41.45,7.25,immoscout
2646.13,139.24,19.00,immoscout
1100,91,12.09,immoscout
800,80,10.00,immoscout
930,85,10.94,immoscout
1000,81,12.35,immoscout
920,98.5,9.34,immoscout
718,73.44,9.78,immoscout
1300,70,18.57,immoscout
620,12,51.67,immoscout
964.98,66,14.62,immoscout
495,65,7.62,immoscout
1392,92,15.13,immoscout
930,65,14.31,immoscout
1232,88,14.00,immoscout
1498,89,16.83,immoscout
2350,144,16.32,immoscout
1057,68.22,15.49,immoscout
800,16,50.00,immoscout
370,51,7.25,immoscout
993,66.21,15.00,immoscout
1280,100,12.80,immoscout
520,60.93,8.53,immoscout
1697,83,20.45,immoscout
1358,58,23.41,immoscout
800,65,12.31,immoscout
1047,80,13.09,immoscout
365.82,33.5,10.92,immoscout
327.69,30,10.92,immoscout
669,64.67,10.34,immoscout
894.37,60.64,14.75,immoscout
1650,105,15.71,immoscout
660,42,15.71,immoscout
650,18.6,34.95,immoscout
1525,111,13.74,immoscout
1650,55,30.00,immoscout
960,59,16.27,immoscout
900,82,10.98,immoscout
2118.29,108.63,19.50,immoscout
1731,94,18.41,immoscout
1450,47,30.85,immoscout
999,48,20.81,immoscout
1649.7,103.3,15.97,immoscout
1950,73,26.71,immoscout
1020,65,15.69,immoscout
1050,60,17.50,immoscout
950,76.5,12.42,immoscout
934,50,18.68,immoscout
2400,145,16.55,immoscout
502.05,32.39,15.50,immoscout
1484,106,14.00,immoscout
1695,133,12.74,immoscout
1450,98,14.80,immoscout
960,50,19.20,immoscout
730,73,10.00,immoscout
820,42.5,19.29,immoscout
950,41,23.17,immoscout
2750,140,19.64,immoscout
2130.48,96.84,22.00,immoscout
1370,82,16.71,immoscout
1500,83.67,17.93,immoscout
980,58.3,16.81,immoscout
925,50.2,18.43,immoscout
4000,195,20.51,immoscout
485,42.5,11.41,immoscout
1272.3,95.7,13.29,immoscout
674.5,61.28,11.01,immoscout
1131.3,65.85,17.18,immoscout
475.5,55.64,8.55,immoscout
1755,80,21.94,immoscout
1032,102.65,10.05,immoscout
1522.08,84.56,18.00,immoscout
1332,135.63,9.82,immoscout
1469,129.18,11.37,immoscout
1100,80,13.75,immoscout
1500,95,15.79,immoscout
1100,61.91,17.77,immoscout
1400,66.4,21.08,immoscout
400,35,11.43,immoscout
500,59,8.47,immoscout
1245,60,20.75,immoscout
1498,82,18.27,immoscout
1073,32,33.53,immoscout
1230,58,21.21,immoscout
1573,67,23.48,immoscout
1348,60,22.47,immoscout
2000,210,9.52,immoscout
1697,83,20.45,immoscout
799,36,22.19,immoscout
847,30,28.23,immoscout
760,29.12,26.10,immoscout
999,52,19.21,immoscout
1450,85.31,17.00,immoscout
1198,55.02,21.77,immoscout
2100,139.75,15.03,immoscout
521,32,16.28,immoscout
1291,54.61,23.64,immoscout
909,82,11.09,immoscout
1100,72,15.28,immoscout
490,70.21,6.98,immoscout
2225,90,24.72,immoscout
3264,167.36,19.50,immoscout
2190,112.27,19.51,immoscout
3111,160,19.44,immoscout
952,68,14.00,immoscout
675,32,21.09,immoscout
2050,108.5,18.89,immoscout
690,69,10.00,immoscout
695,32,21.72,immoscout
1200,59,20.34,immoscout
1800,94,19.15,immoscout
1188,66,18.00,immoscout
360,36,10.00,immoscout
1370,70,19.57,immoscout
1050,80,13.13,immoscout
338.33,41,8.25,immoscout
580.05,101,5.74,immoscout
1045,62,16.85,immoscout
361.92,60,6.03,immoscout
668.22,86,7.77,immoscout
2717.13,194,14.01,immoscout
1340,120,11.17,immoscout
520,39.4,13.20,immoscout
698,38.78,18.00,immoscout
1100,86.98,12.65,immoscout
1150,122,9.43,immoscout
1625,137.31,11.83,immoscout
1787,119,15.02,immoscout
751.48,71.57,10.50,immoscout
1148.96,71.81,16.00,immoscout
1400,85,16.47,immoscout
650,25,26.00,immoscout
1600,105,15.24,immoscout
1695,98,17.30,immoscout
2148,143.13,15.01,immoscout
1580,96.12,16.44,immoscout
2190,98,22.35,immoscout
780.3,45,17.34,immoscout
969.6,64.64,15.00,immoscout
427,50.26,8.50,immoscout
999,54,18.50,immoscout
2312,136,17.00,immoscout
1484,53,28.00,immoscout
252.81,48.5,5.21,immoscout
4790,171.8,27.88,immoscout
459.9,82.5,5.57,immoscout
951.76,91,10.46,immoscout
358.83,57,6.30,immoscout
304.05,50.5,6.02,immoscout
294.03,48.5,6.06,immoscout
975,84.3,11.57,immoscout
1422,149,9.54,immoscout
577.03,58,9.95,immoscout
649,48.43,13.40,immoscout
1029,77.48,13.28,immoscout
689,56.36,12.22,immoscout
1309.66,59.53,22.00,immoscout
2274.98,71.09,32.00,immoscout
1577.34,68.58,23.00,immoscout
1020,67,15.22,immoscout
2091.94,65.37,32.00,immoscout
1577.34,68.58,23.00,immoscout
1605.82,50.18,32.00,immoscout
1664,104.1,15.98,immoscout
882.34,97,9.10,immoscout
850,62.69,13.56,immoscout
400,38.88,10.29,immoscout
1027.86,70.62,14.55,immoscout
1000,70,14.29,immoscout
1509.98,110.91,13.61,immoscout
1514.49,114.8,13.19,immoscout
1068,89,12.00,immoscout
960,46,20.87,immoscout
2140,130.55,16.39,immoscout
790,33,23.94,immoscout
2354,204,11.54,immoscout
1590,52.25,30.43,immoscout
1270,95.57,13.29,immoscout
655.97,96,6.83,immoscout
830,65.3,12.71,immoscout
276.91,37,7.48,immoscout
700,46,15.22,immoscout
880,44,20.00,immoscout
523.23,54.61,9.58,immoscout
414.86,51,8.13,immoscout
974.3,101.57,9.59,immoscout
4200,116,36.21,immoscout
770,56.57,13.61,immoscout
1130,76.46,14.78,immoscout
1130,85.32,13.24,immoscout
990,55,18.00,immoscout
1640,122.91,13.34,immoscout
1670,122.92,13.59,immoscout
540,36.68,14.72,immoscout
580,39.58,14.65,immoscout
1700,150,11.33,immoscout
490,39,12.56,immoscout
1590,98,16.22,immoscout
999,27.75,36.00,immoscout
692,44,15.73,immoscout
990,53.36,18.55,immoscout
509.75,51.49,9.90,immoscout
1347,110,12.25,immoscout
1655.8,116,14.27,immoscout
1275,155.32,8.21,immoscout
1400,81.12,17.26,immoscout
473.48,68,6.96,immoscout
587.38,64,9.18,immoscout
850,48.74,17.44,immoscout
1550,100.47,15.43,immoscout
730,63,11.59,immoscout
1050,70,15.00,immoscout
1389.24,81.72,17.00,immoscout
3229.92,169.82,19.02,immoscout
498.9,83,6.01,immoscout
1772.51,89.62,19.78,immoscout
599,50.23,11.93,immoscout
326.52,48,6.80,immoscout
1390,45,30.89,immoscout
454.66,57,7.98,immoscout
11548.8,294.99,39.15,immoscout
945,65,14.54,immoscout
920.92,64.97,14.17,immoscout
1169.87,63.49,18.43,immoscout
1213.27,65.76,18.45,immoscout
1518.5,85.07,17.85,immoscout
459.56,66,6.96,immoscout
1095.33,62.95,17.40,immoscout
1180.29,65.03,18.15,immoscout
714.51,32.83,21.76,immoscout
1308.4,130.84,10.00,immoscout
980,55,17.82,immoscout
1670,151,11.06,immoscout
700,43.73,16.01,immoscout
1650,130.31,12.66,immoscout
1150,76.51,15.03,immoscout
580,36.14,16.05,immoscout
825,51.58,15.99,immoscout
1100,70,15.71,immoscout
1550,117.5,13.19,immoscout
950,50,19.00,immoscout
1507.63,100,15.08,immoscout
1200,65.41,18.35,immoscout
1340,65,20.62,immoscout
354.51,49,7.23,immoscout
328.54,41,8.01,immoscout
2200,136.16,16.16,immoscout
1500,79,18.99,immoscout
485,48.37,10.03,immoscout
2570,117,21.97,immoscout
1060,70,15.14,immoscout
1040,78.91,13.18,immoscout
3500,150,23.33,immoscout
1300,73.81,17.61,immoscout
520.31,74.33,7.00,immoscout
399.02,53,7.53,immoscout
380,47.5,8.00,immoscout
404.37,54,7.49,immoscout
940,70.12,13.41,immoscout
480,27,17.78,immoscout
734.75,92.9,7.91,immoscout
1650,93,17.74,immoscout
852.5,77.5,11.00,immoscout
479.07,58.38,8.21,immoscout
1570.8,68.63,22.89,immoscout
644.48,80.59,8.00,immoscout
1100,50,22.00,immoscout
1400,65,21.54,immoscout
653.27,81.69,8.00,immoscout
481,53.47,9.00,immoscout
1445.47,168,8.60,immoscout
620,25.63,24.19,immoscout
1579.45,133.4,11.84,immoscout
835,37.24,22.42,immoscout
970,42.35,22.90,immoscout
710,28.76,24.69,immoscout
480,30,16.00,immoscout
900,45,20.00,immoscout
1655,159.2,10.40,immoscout
304.15,35,8.69,immoscout
1470,86,17.09,immoscout
1500,102,14.71,immoscout
262.04,31.89,8.22,immoscout
740.43,91.83,8.06,immoscout
1900,130,14.62,immoscout
395.02,36.03,10.96,immoscout
1600,65,24.62,immoscout
1250,68.5,18.25,immoscout
684.97,84.88,8.07,immoscout
864.6,116.1,7.45,immoscout
2100,129,16.28,immoscout
1666.68,89.8,18.56,immoscout
454.91,60.98,7.46,immoscout
367.98,38.03,9.68,immoscout
585,37.13,15.76,immoscout
344.19,56.61,6.08,immoscout
455,35,13.00,immoscout
356.8,43,8.30,immoscout
750,27,27.78,immoscout
353.35,43,8.22,immoscout
768.12,97,7.92,immoscout
338.67,30.39,11.14,immoscout
407.46,37.55,10.85,immoscout
849,94.39,8.99,immoscout
629,68.99,9.12,immoscout
749.22,55.09,13.60,immoscout
590,24.45,24.13,immoscout
765,34,22.50,immoscout
790,87.51,9.03,immoscout
297,40,7.43,immoscout
957.02,139,6.89,immoscout
1300,50,26.00,immoscout
489.82,59,8.30,immoscout
1450,101,14.36,immoscout
1682.65,111.73,15.06,immoscout
2001.02,132.87,15.06,immoscout
2197.4,145.91,15.06,immoscout
1350,82,16.46,immoscout
1664,131.67,12.64,immoscout
1150,58,19.83,immoscout
1998,118.3,16.89,immoscout
3900,254,15.35,immoscout
1218,70.2,17.35,immoscout
620,45,13.78,immoscout
1073,63.13,17.00,immoscout
1374,79.1,17.37,immoscout
1856,106.07,17.50,immoscout
900,60.2,14.95,immoscout
1250,60.81,20.56,immoscout
1140,82.82,13.76,immoscout
1785,119,15.00,immoscout
1375,83,16.57,immoscout
660,10,66.00,immoscout
2000,141.58,14.13,immoscout
1888,118,16.00,immoscout
1980,162.5,12.18,immoscout
1625,109.72,14.81,immoscout
488,25,19.52,immoscout
1160,97,11.96,immoscout
3704.63,419.55,8.83,immoscout
1420,142,10.00,immoscout
767,29,26.45,immoscout
1332,94.68,14.07,immoscout
460,23.09,19.92,immoscout
980,52.15,18.79,immoscout
850,50,17.00,immoscout
4790,172,27.85,immoscout
1203.05,71.61,16.80,immoscout
945,74.68,12.65,immoscout
915,71.63,12.77,immoscout
826,49.37,16.73,immoscout
470,19.5,24.10,immoscout
2783,167,16.66,immoscout
1600,96,16.67,immoscout
272.53,41.34,6.59,immoscout
1303.75,87.5,14.90,immoscout
1347,94.68,14.23,immoscout
999,84.55,11.82,immoscout
609,43.9,13.87,immoscout
705.5,76.6,9.21,immoscout
834,79,10.56,immoscout
850,55,15.45,immoscout
900,64,14.06,immoscout
595,25.9,22.97,immoscout
1120,53.23,21.04,immoscout
690,71.2,9.69,immoscout
2635,119.8,21.99,immoscout
1500.24,98.7,15.20,immoscout
1670,89,18.76,immoscout
1150,59,19.49,immoscout
1270,64,19.84,immoscout
371.67,57.18,6.50,immoscout
287.89,44.29,6.50,immoscout
1105,34.87,31.69,immoscout
1105,38.36,28.81,immoscout
611.53,66.58,9.18,immoscout
1105,39.4,28.05,immoscout
1105,36.75,30.07,immoscout
870,25.85,33.66,immoscout
870,23.62,36.83,immoscout
1670,89,18.76,immoscout
939,67.95,13.82,immoscout
568.48,25.68,22.14,immoscout
841.19,43.1,19.52,immoscout
1600,139,11.51,immoscout
1033.35,46.97,22.00,immoscout
4650,218,21.33,immoscout
578,41.44,13.95,immoscout
944.63,58.6,16.12,immoscout
1588.48,99.28,16.00,immoscout
581,41.54,13.99,immoscout
592,42.92,13.79,immoscout
660,10,66.00,immoscout
1800,104,17.31,immoscout
1100,61,18.03,immoscout
751.6,37.58,20.00,immoscout
1350,67.5,20.00,immoscout
599,43.44,13.79,immoscout
560,60,9.33,immoscout
670,35,19.14,immoscout
372.63,49.29,7.56,immoscout
895.68,111.96,8.00,immoscout
1250,78,16.03,immoscout
2500,110,22.73,immoscout
1000,55,18.18,immoscout
1388,69.39,20.00,immoscout
715.19,79.8,8.96,immoscout
950,43,22.09,immoscout
391.33,57.38,6.82,immoscout
1400,78,17.95,immoscout
1524,88.25,17.27,immoscout
1800,94.47,19.05,immoscout
963,98,9.83,immoscout
1650,105,15.71,immoscout
1800,116,15.52,immoscout
650,68,9.56,immoscout
1173,56,20.95,immoscout
482.78,59.15,8.16,immoscout
2000,88,22.73,immoscout
1250,61.26,20.40,immoscout
1715.05,130.83,13.11,immoscout
753.06,69,10.91,immoscout
755,35,21.57,immoscout
2250,90.87,24.76,immoscout
1417.67,101.24,14.00,immoscout
799,68.14,11.73,immoscout
1399,103.77,13.48,immoscout
250,20,12.50,immoscout
550,53,10.38,immoscout
2151.66,153.69,14.00,immoscout
1580,120,13.17,immoscout
375.1,37.51,10.00,immoscout
1632,91.8,17.78,immoscout
780,17,45.88,immoscout
2187,96,22.78,immoscout
690,13,53.08,immoscout
1215,59,20.59,immoscout
620,8,77.50,immoscout
1500,84,17.86,immoscout
650,42,15.48,immoscout
1526,80,19.08,immoscout
1080,80,13.50,immoscout
2617.35,174.49,15.00,immoscout
1334,46,29.00,immoscout
1180,61.37,19.23,immoscout
1040,57.33,18.14,immoscout
1500,98.15,15.28,immoscout
1390,88.41,15.72,immoscout
1460,85.37,17.10,immoscout
990,57.31,17.27,immoscout
1030,65.96,15.62,immoscout
1370,81.12,16.89,immoscout
1600,96.3,16.61,immoscout
1400,89.21,15.69,immoscout
1820,112.23,16.22,immoscout
600,44,13.64,immoscout
780,14,55.71,immoscout
700,15,46.67,immoscout
1582.67,87,18.19,immoscout
780,18,43.33,immoscout
799,62.3,12.83,immoscout
500,40,12.50,immoscout
1490,50,29.80,immoscout
2000,147,13.61,immoscout
1656.63,108.56,15.26,immoscout
950,95,10.00,immoscout
805.37,86.32,9.33,immoscout
838.77,89.9,9.33,immoscout
851.64,91.28,9.33,immoscout
805.18,86.3,9.33,immoscout
827.94,88.74,9.33,immoscout
1050,110,9.55,immoscout
1807,120.41,15.01,immoscout
3704.63,419.55,8.83,immoscout
2148,143.13,15.01,immoscout
1606.56,100.41,16.00,immoscout
1422.82,57.78,24.62,immoscout
626.4,58,10.80,immoscout
1245,83,15.00,immoscout
499,37.17,13.42,immoscout
699,70.68,9.89,immoscout
800,32,25.00,immoscout
780,20,39.00,immoscout
950,46,20.65,immoscout
1050,40,26.25,immoscout
995.8,76.6,13.00,immoscout
1153.98,64.11,18.00,immoscout
2729.54,143.66,19.00,immoscout
999,50,19.98,immoscout
4962.24,270.25,18.36,immoscout
1950,154.6,12.61,immoscout
3405.94,179.26,19.00,immoscout
1811.27,95.33,19.00,immoscout
2105,87.7,24.00,immoscout
780,20,39.00,immoscout
2250,124.9,18.01,immoscout
750,28,26.79,immoscout
1300,121,10.74,immoscout
2400,173,13.87,immoscout
1280,53,24.15,immoscout
3320,207,16.04,immoscout
1250,57,21.93,immoscout
2650,106,25.00,immoscout
1249.92,55.8,22.40,immoscout
1327.5,106,12.52,immoscout
1083.48,90,12.04,immoscout
3075.15,161.85,19.00,immoscout
995,13.8,72.10,immoscout
1600,97,16.49,immoscout
875.89,69.46,12.61,immoscout
275.02,37.9,7.26,immoscout
2950,252,11.71,immoscout
1790,92,19.46,immoscout
795.94,46.82,17.00,immoscout
1800,94,19.15,immoscout
2995,168.23,17.80,immoscout
1950,100,19.50,immoscout
2650,134,19.78,immoscout
988,54,18.30,immoscout
1024,64,16.00,immoscout
950,26.9,35.32,immoscout
713.83,54.91,13.00,immoscout
1340.68,121.88,11.00,immoscout
1277,70,18.24,immoscout
371.67,61,6.09,immoscout
740,16,46.25,immoscout
1636.65,109.11,15.00,immoscout
449,35.69,12.58,immoscout
629,68,9.25,immoscout
699,57.84,12.09,immoscout
569,53.98,10.54,immoscout
599,45.84,13.07,immoscout
949,75.31,12.60,immoscout
459,35.69,12.86,immoscout
718,72.27,9.93,immoscout
1126.59,62.42,18.05,immoscout
1246.17,69.04,18.05,immoscout
850,62.69,13.56,immoscout
990,90.7,10.92,immoscout
607.73,69.06,8.80,immoscout
800,45,17.78,immoscout
1260,51,24.71,immoscout
992.25,66.15,15.00,immoscout
550,46,11.96,immoscout
1120,68,16.47,immoscout
960.05,66.21,14.50,immoscout
560,16,35.00,immoscout
780,42,18.57,immoscout
610,18,33.89,immoscout
590.12,72.3,8.16,immoscout
950,120,7.92,immoscout
1567.36,111.93,14.00,immoscout
800,24,33.33,immoscout
824,74.88,11.00,immoscout
507.24,53.79,9.43,immoscout
879,77.22,11.38,immoscout
699,61.87,11.30,immoscout
710,37,19.19,immoscout
998,49,20.37,immoscout
1700,114,14.91,immoscout
1900,95,20.00,immoscout
1100,53,20.75,immoscout
1900,142,13.38,immoscout
722.88,57.83,12.50,immoscout
1066.97,69.97,15.25,immoscout
905.38,62.44,14.50,immoscout
2050,132.14,15.51,immoscout
1420,88.58,16.03,immoscout
1595,82.75,19.27,immoscout
1870,118.37,15.80,immoscout
740,12,61.67,immoscout
430,30,14.33,immoscout
1507.75,81.5,18.50,immoscout
1700,115,14.78,immoscout
2035,146,13.94,immoscout
1710,116,14.74,immoscout
2215,119,18.61,immoscout
1800,91.77,19.61,immoscout
1760,59,29.83,immoscout
1290,54,23.89,immoscout
1250,75,16.67,immoscout
795,76,10.46,immoscout
1920,150,12.80,immoscout
555.88,56.32,9.87,immoscout
600,33,18.18,immoscout
640,8,80.00,immoscout
507,39,13.00,immoscout
1830,168,10.89,immoscout
1650,65,25.38,immoscout
1100,55,20.00,immoscout
2300,150,15.33,immoscout
1531.62,84.62,18.10,immoscout
841.19,43.1,19.52,immoscout
1860.9,96.67,19.25,immoscout
805,38,21.18,immoscout
1282.85,72.02,17.81,immoscout
568.48,25.68,22.14,immoscout
1126.6,65.31,17.25,immoscout
1226.91,66.68,18.40,immoscout
1214.57,66.37,18.30,immoscout
439.47,49.94,8.80,immoscout
1168.22,63.49,18.40,immoscout
1290,76,16.97,immoscout
800,31,25.81,immoscout
740,12,61.67,immoscout
2100,54,38.89,immoscout
1750,50,35.00,immoscout
789,43,18.35,immoscout
1305,90.5,14.42,immoscout
600,56,10.71,immoscout
2517.12,139.84,18.00,immoscout
1680,139.07,12.08,immoscout
820.35,54.69,15.00,immoscout
649.65,101.57,6.40,immoscout
405.03,58.02,6.98,immoscout
1500,80,18.75,immoscout
881.4,63.41,13.90,immoscout
800,74,10.81,immoscout
904.47,36.6,24.71,immoscout
1599,165.1,9.69,immoscout
1121.71,117.58,9.54,immoscout
1205.56,68.26,17.66,immoscout
777.49,32.56,23.88,immoscout
411.34,65.71,6.26,immoscout
1207,68.9,17.52,immoscout
1497,80.6,18.57,immoscout
1192,68.7,17.35,immoscout
700,16,43.75,immoscout
900,34.14,26.36,immoscout
1900,100.5,18.91,immoscout
730.2,73,10.00,immoscout
1283,102.63,12.50,immoscout
403.81,18.41,21.93,immoscout
450.27,17.46,25.79,immoscout
2100,160,13.13,immoscout
457.56,19.33,23.67,immoscout
421.37,21.71,19.41,immoscout
1050,44,23.86,immoscout
500,25,20.00,immoscout
3500,170,20.59,immoscout
2150,148,14.53,immoscout
1075,73.06,14.71,immoscout
800,62,12.90,immoscout
1300,98,13.27,immoscout
1023,62,16.50,immoscout
2000,118.4,16.89,immoscout
630,36.06,17.47,immoscout
1306.91,121.01,10.80,immoscout
2480,184,13.48,immoscout
950,75,12.67,immoscout
981,65.4,15.00,immoscout
834.37,63.21,13.20,immoscout
569,69,8.25,immoscout
1200,62,19.35,immoscout
579,73.08,7.92,immoscout
675,46.53,14.51,immoscout
890,22,40.45,immoscout
700,15,46.67,immoscout
2460.7,117,21.03,immoscout
1467.23,94.66,15.50,immoscout
605,42.45,14.25,immoscout
670,46.82,14.31,immoscout
695,43.21,16.08,immoscout
1150,82.16,14.00,immoscout
900,60.45,14.89,immoscout
1550,120.29,12.89,immoscout
750,48.59,15.44,immoscout
516.99,45.63,11.33,immoscout
601,55.3,10.87,immoscout
291.25,44.44,6.55,immoscout
1146.2,53.11,21.58,immoscout
2170.74,110.19,19.70,immoscout
1386,99.8,13.89,immoscout
380,20,19.00,immoscout
1069,84.14,12.71,immoscout
590,25,23.60,immoscout
1440,110,13.09,immoscout
1497,68.02,22.01,immoscout
604.27,81.99,7.37,immoscout
417,70.55,5.91,immoscout
542.52,49.32,11.00,immoscout
1686.66,120.45,14.00,immoscout
1000,67.6,14.79,immoscout
975,62.75,15.54,immoscout
1325,80.83,16.39,immoscout
975,62.75,15.54,immoscout
780,21,37.14,immoscout
780,17,45.88,immoscout
1209.52,119,10.16,immoscout
550,30,18.33,immoscout
1453.2,103.8,14.00,immoscout
1274.4,110.4,11.54,immoscout
800,24,33.33,immoscout
1500,80,18.75,immoscout
11500,385,29.87,immoscout
644.11,19.07,33.78,immoscout
343.07,47.19,7.27,immoscout
283.42,38.03,7.45,immoscout
682.45,31.89,21.40,immoscout
596.96,29.12,20.50,immoscout
3250,170,19.12,immoscout
381.07,54.13,7.04,immoscout
284.53,44.52,6.39,immoscout
1894,124,15.27,immoscout
797,51.39,15.51,immoscout
2399,170.2,14.10,immoscout
1996,126.78,15.74,immoscout
2200,135,16.30,immoscout
2040,120,17.00,immoscout
2040,120,17.00,immoscout
2040,120,17.00,immoscout
3459.52,182,19.01,immoscout
540,24.19,22.32,immoscout
3185.54,168,18.96,immoscout
690,53.24,12.96,immoscout
685,50.74,13.50,immoscout
705,60.83,11.59,immoscout
8900,462,19.26,immoscout
520.27,59,8.82,immoscout
717.97,63.99,11.22,immoscout
1100,69,15.94,immoscout
841.19,43.1,19.52,immoscout
1033.35,46.97,22.00,immoscout
465.44,57,8.17,immoscout
568.48,25.68,22.14,immoscout
1970,109,18.07,immoscout
1692,144,11.75,immoscout
1011.86,95.1,10.64,immoscout
1820,82.77,21.99,immoscout
1985,96.54,20.56,immoscout
2285,128,17.85,immoscout
1315,62.28,21.11,immoscout
1315,61.17,21.50,immoscout
1475,75.46,19.55,immoscout
1260,68,18.53,immoscout
1717,85,20.20,immoscout
640,14,45.71,immoscout
1074,138.58,7.75,immoscout
1799,106.7,16.86,immoscout
1640.45,92.16,17.80,immoscout
1205,50.23,23.99,immoscout
1512.55,179,8.45,immoscout
893,76,11.75,immoscout
1800,63,28.57,immoscout
1552,88.64,17.51,immoscout
659,54.82,12.02,immoscout
1500,76,19.74,immoscout
500,25,20.00,immoscout
350,25,14.00,immoscout
669,70.74,9.46,immoscout
549,56.95,9.64,immoscout
1200,48,25.00,immoscout
1849.4,132,14.01,immoscout
1450,51.59,28.11,immoscout
2564,172,14.91,immoscout
2104,135.76,15.50,immoscout
950,75.45,12.59,immoscout
1200,98,12.24,immoscout
1950,85,22.94,immoscout
754.81,75.99,9.93,immoscout
1300,68,19.12,immoscout
1766,150,11.77,immoscout
910.41,30.21,30.14,immoscout
769.17,27.36,28.11,immoscout
2250,134,16.79,immoscout
1140,40,28.50,immoscout
730.19,53.26,13.71,immoscout
3462,195,17.75,immoscout
950,29.37,32.35,immoscout
3500,200,17.50,immoscout
1680,77,21.82,immoscout
488.74,69.82,7.00,immoscout
1235,65,19.00,immoscout
1784,197.8,9.02,immoscout
1450,77,18.83,immoscout
1299,117.99,11.01,immoscout
1750,175.4,9.98,immoscout
750,77,9.74,immoscout
886.9,105.71,8.39,immoscout
383.18,51.09,7.50,immoscout
695.89,56.12,12.40,immoscout
1125.43,64.68,17.40,immoscout
1121.01,65.71,17.06,immoscout
1152.53,63.5,18.15,immoscout
1776.53,118.44,15.00,immoscout
1107.76,68.17,16.25,immoscout
4950,201,24.63,immoscout
720,32,22.50,immoscout
680,14,48.57,immoscout
449,34.38,13.06,immoscout
375,38,9.87,immoscout
12000,364.63,32.91,immoscout
2300,105,21.90,immoscout
1213.09,65.75,18.45,immoscout
690,46,15.00,immoscout
850,59.1,14.38,immoscout
1049,81.91,12.81,immoscout
1049,81.44,12.88,immoscout
1270,45,28.22,immoscout
1380,62.85,21.96,immoscout
850,38,22.37,immoscout
608,76,8.00,immoscout
2227.5,165,13.50,immoscout
1990,115.5,17.23,immoscout
1350,90,15.00,immoscout
730,23,31.74,immoscout
668,30,22.27,immoscout
1300,50,26.00,immoscout
1160,97.9,11.85,immoscout
1200,85,14.12,immoscout
1386.45,85.32,16.25,immoscout
845.54,50.33,16.80,immoscout
1197.87,73.72,16.25,immoscout
450,23,19.57,immoscout
700,31,22.58,immoscout
700,31,22.58,immoscout
900,56,16.07,immoscout
1808.8,90.44,20.00,immoscout
1291.59,66.4,19.45,immoscout
1092,84,13.00,immoscout
936,52,18.00,immoscout
930,68.58,13.56,immoscout
565,22.35,25.28,immoscout
334.22,41.57,8.04,immoscout
338.32,42.08,8.04,immoscout
316.05,39.31,8.04,immoscout
856.11,68.14,12.56,immoscout
1171.97,65.4,17.92,immoscout
1970,127,15.51,immoscout
1850,107,17.29,immoscout
1623.27,98.38,16.50,immoscout
2750,168.86,16.29,immoscout
2480,127,19.53,immoscout
2650,141.75,18.69,immoscout
1395,86.26,16.17,immoscout
1275,72.83,17.51,immoscout
1850,103.27,17.91,immoscout
1053,105.76,9.96,immoscout
1200,107,11.21,immoscout
613.73,58.89,10.42,immoscout
1911.42,136.53,14.00,immoscout
839.5,55.67,15.08,immoscout
770,65.36,11.78,immoscout
500,56.8,8.80,immoscout
676,76.2,8.87,immoscout
758,73.67,10.29,immoscout
1732.2,115.48,15.00,immoscout
540.05,83.6,6.46,immoscout
995,96.39,10.32,immoscout
740,17,43.53,immoscout
1890,135,14.00,immoscout
1650,109.42,15.08,immoscout
1393.44,108.27,12.87,immoscout
1100,61.76,17.81,immoscout
3050,125.54,24.30,immoscout
1899,96.6,19.66,immoscout
1559,115.48,13.50,immoscout
947,86.07,11.00,immoscout
1050,65.01,16.15,immoscout
1170,78,15.00,immoscout
840,22,38.18,immoscout
1277.86,99.29,12.87,immoscout
900,71.34,12.62,immoscout
600,45.7,13.13,immoscout
750,62.28,12.04,immoscout
700,15,46.67,immoscout
1160,95,12.21,immoscout
1547.7,103.18,15.00,immoscout
2018.72,126.17,16.00,immoscout
841.19,43.1,19.52,immoscout
588.71,52.47,11.22,immoscout
699,67.88,10.30,immoscout
559,54.04,10.34,immoscout
799,71.41,11.19,immoscout
780,21,37.14,immoscout
2138,117.8,18.15,immoscout
1400,49,28.57,immoscout
1037.34,89.49,11.59,immoscout
1100,85,12.94,immoscout
2200,99.17,22.18,immoscout
1073.77,85.69,12.53,immoscout
4995,219.97,22.71,immoscout
780,18,43.33,immoscout
3050,125.41,24.32,immoscout
1989,117.8,16.88,immoscout
2690,134.62,19.98,immoscout
1970,124.4,15.84,immoscout
1320,140,9.43,immoscout
1590,80.27,19.81,immoscout
750,27.8,26.98,immoscout
572,20.5,27.90,immoscout
541,20.5,26.39,immoscout
1023.3,60.55,16.90,immoscout
571,20.5,27.85,immoscout
2077,106.36,19.53,immoscout
571,20.5,27.85,immoscout
2077,112.71,18.43,immoscout
1333,66.4,20.08,immoscout
1491.8,82.6,18.06,immoscout
1200.2,66.4,18.08,immoscout
603,24.1,25.02,immoscout
2077,103.6,20.05,immoscout
3499,176.8,19.79,immoscout
645,27.8,23.20,immoscout
759,27.8,27.30,immoscout
530,20.5,25.85,immoscout
593,20.5,28.93,immoscout
899,72.53,12.39,immoscout
645,27.7,23.29,immoscout
593,20.5,28.93,immoscout
919,63.5,14.47,immoscout
1295,105.47,12.28,immoscout
1550,70.49,21.99,immoscout
3000,106,28.30,immoscout
1485,82.48,18.00,immoscout
1335,86,15.52,immoscout
2847,159.24,17.88,immoscout
1380,104.5,13.21,immoscout
2460.44,115.84,21.24,immoscout
3500,143.22,24.44,immoscout
799,83.61,9.56,immoscout
494.34,60,8.24,immoscout
391.93,62.4,6.28,immoscout
612,52,11.77,immoscout
669,60,11.15,immoscout
529.08,66.16,8.00,immoscout
930,81.71,11.38,immoscout
1174.4,64.4,18.24,immoscout
640,13,49.23,immoscout
671,83.05,8.08,immoscout
561.2,72.32,7.76,immoscout
1116,76,14.68,immoscout
614.24,84,7.31,immoscout
1972,136,14.50,immoscout
2458.41,144.61,17.00,immoscout
2626.84,154.52,17.00,immoscout
970.2,32.34,30.00,immoscout
1039,83.14,12.50,immoscout
418.11,60,6.97,immoscout
700,15,46.67,immoscout
620,12,51.67,immoscout
347.77,42.38,8.21,immoscout
356.8,43.48,8.21,immoscout
1623.05,109,14.89,immoscout
644.48,80.59,8.00,immoscout
1477.4,101.89,14.50,immoscout
658.53,69.76,9.44,immoscout
556.51,69.59,8.00,immoscout
1271.25,84.75,15.00,immoscout
578,62,9.32,immoscout
1998,136,14.69,immoscout
852.68,67.14,12.70,immoscout
940.01,77.05,12.20,immoscout
2340,117,20.00,immoscout
2340,117,20.00,immoscout
743.16,123,6.04,immoscout
1300,86,15.12,immoscout
590.63,56.25,10.50,immoscout
1534,77.66,19.75,immoscout
1499,77.66,19.30,immoscout
607.53,76,7.99,immoscout
2500,81.45,30.69,immoscout
1353,123,11.00,immoscout
809,52.19,15.50,immoscout
790,47,16.81,immoscout
1330,100,13.30,immoscout
605.68,76,7.97,immoscout
610,36.85,16.55,immoscout
1250,75.12,16.64,immoscout
518.69,61,8.50,immoscout
1986.17,102.38,19.40,immoscout
518.69,61,8.50,immoscout
1003.86,60.84,16.50,immoscout
1198,49.9,24.01,immoscout
458.78,61.17,7.50,immoscout
459,61.2,7.50,immoscout
1149,115.42,9.95,immoscout
1650,77.03,21.42,immoscout
1700,80.46,21.13,immoscout
1500,43.5,34.48,immoscout
2700,158.21,17.07,immoscout
785,79.37,9.89,immoscout
840,24,35.00,immoscout
1500.18,90.92,16.50,immoscout
2950,164,17.99,immoscout
1988,90.36,22.00,immoscout
1958,91.06,21.50,immoscout
2249,159.55,14.10,immoscout
2832,177,16.00,immoscout
2272,142,16.00,immoscout
640,13,49.23,immoscout
1724.85,114.99,15.00,immoscout
815,70.88,11.50,immoscout
1222,101.81,12.00,immoscout
1090,45.2,24.12,immoscout
1023.3,60.55,16.90,immoscout
1400,81.3,17.22,immoscout
1798,100,17.98,immoscout
997,83.04,12.01,immoscout
891,68.5,13.01,immoscout
2650,129.94,20.39,immoscout
1450,140,10.36,immoscout
700,15,46.67,immoscout
856.98,74.5,11.50,immoscout
640,13,49.23,immoscout
1999,92,21.73,immoscout
334.51,48.48,6.90,immoscout
700,16,43.75,immoscout
3597.4,260,13.84,immoscout
716.48,52.97,13.53,immoscout
465,19.5,23.85,immoscout
1164.6,77.64,15.00,immoscout
1271.38,107.38,11.84,immoscout
1490,99.4,14.99,immoscout
358.2,47.76,7.50,immoscout
1049,81,12.95,immoscout
1235.1,82.34,15.00,immoscout
503.59,45.69,11.02,immoscout
753.05,68.42,11.01,immoscout
850,81.3,10.46,immoscout
535.5,30.6,17.50,immoscout
1190,47.4,25.11,immoscout
1912.54,136.61,14.00,immoscout
562.05,37.47,15.00,immoscout
609.02,41.43,14.70,immoscout
804.83,39.26,20.50,immoscout
753.1,75.31,10.00,immoscout
2150,81.1,26.51,immoscout
658,54.78,12.01,immoscout
1456,66.03,22.05,immoscout
3130,226,13.85,immoscout
715,57.43,12.45,immoscout
1890,105,18.00,immoscout
1700,112.81,15.07,immoscout
1177.8,60.4,19.50,immoscout
1842.43,95.96,19.20,immoscout
1578.66,89.19,17.70,immoscout
1410.72,90.24,15.63,immoscout
1711.5,94.5,18.11,immoscout
4237.5,169.5,25.00,immoscout
1280,64,20.00,immoscout
1470,105,14.00,immoscout
1595,151,10.56,immoscout
2100,117,17.95,immoscout
590,27.78,21.24,immoscout
780,17,45.88,immoscout
1850,96.81,19.11,immoscout
687.55,70.97,9.69,immoscout
780,20,39.00,immoscout
868,65.54,13.24,immoscout
1450,120,12.08,immoscout
1980,158,12.53,immoscout
1950,74,26.35,immoscout
799,63.7,12.54,immoscout
580,41,14.15,immoscout
5233,249.17,21.00,immoscout
1400,64.44,21.73,immoscout
706.69,50.41,14.02,immoscout
710,56.5,12.57,immoscout
979,76.15,12.86,immoscout
2100,105,20.00,immoscout
1540,77,20.00,immoscout
834,61.71,13.51,immoscout
715,75.28,9.50,immoscout
945,65,14.54,immoscout
780,20,39.00,immoscout
729,74,9.85,immoscout
529,56,9.45,immoscout
1655,159.2,10.40,immoscout
755,51,14.80,immoscout
570.83,26.55,21.50,immoscout
629,61.08,10.30,immoscout
562.8,32.61,17.26,immoscout
524.21,62,8.46,immoscout
736.59,27.71,26.58,immoscout
449.67,73.26,6.14,immoscout
502.07,61.71,8.14,immoscout
740,15,49.33,immoscout
2622,69.92,37.50,immoscout
3300,165,20.00,immoscout
1278.7,67.3,19.00,immoscout
1382.72,95.36,14.50,immoscout
676.7,67,10.10,immoscout
1010.45,72.18,14.00,immoscout
2370.19,180.93,13.10,immoscout
1890,73,25.89,immoscout
430.75,41.82,10.30,immoscout
1700,101.15,16.81,immoscout
1094.55,72.97,15.00,immoscout
1055.67,105,10.05,immoscout
1450.95,85.35,17.00,immoscout
1835.4,87.4,21.00,immoscout
464.17,66.31,7.00,immoscout
1670,126.59,13.19,immoscout
253.45,25.86,9.80,immoscout
669.74,86.24,7.77,immoscout
2100,125,16.80,immoscout
1099.68,39.5,27.84,immoscout
1399.56,53.5,26.16,immoscout
1060,77,13.77,immoscout
750,41.69,17.99,immoscout
2100,155,13.55,immoscout
2040,119,17.14,immoscout
856,68.5,12.50,immoscout
661,57.5,11.50,immoscout
620.14,71,8.73,immoscout
1060,44,24.09,immoscout
1200,57.7,20.80,immoscout
1650,77,21.43,immoscout
1460,85,17.18,immoscout
920,46,20.00,immoscout
1008,63,16.00,immoscout
1026,54,19.00,immoscout
799,73,10.95,immoscout
1998,79.05,25.28,immoscout
300.33,45.89,6.54,immoscout
476.26,67.08,7.10,immoscout
985,64,15.39,immoscout
610,30.49,20.01,immoscout
1237,84.25,14.68,immoscout
2794.08,174.63,16.00,immoscout
1478.7,82.15,18.00,immoscout
1164,93.15,12.50,immoscout
3250,216.17,15.03,immoscout
638,22,29.00,immoscout
2199,143.13,15.36,immoscout
1443.28,90.21,16.00,immoscout
1258.06,88.29,14.25,immoscout
1088.26,65.96,16.50,immoscout
2490,100.7,24.73,immoscout
3265.42,143.54,22.75,immoscout
450,55,8.18,immoscout
692,72.23,9.58,immoscout
655.8,74.45,8.81,immoscout
1216.8,81.12,15.00,immoscout
963.5,64.24,15.00,immoscout
1420,57.19,24.83,immoscout
1216.8,81.12,15.00,immoscout
1147.95,76.53,15.00,immoscout
1912.54,136.61,14.00,immoscout
790,76,10.39,immoscout
1986,153,12.98,immoscout
1142.87,99,11.54,immoscout
1164.84,68.52,17.00,immoscout
1565.03,82.37,19.00,immoscout
1600,95,16.84,immoscout
2173.44,135.84,16.00,immoscout
710,18,39.44,immoscout
690,15,46.00,immoscout
690,16,43.13,immoscout
805.31,73.21,11.00,immoscout
780,19,41.05,immoscout
333.59,51.48,6.48,immoscout
840,20,42.00,immoscout
800,16,50.00,immoscout
2300,180,12.78,immoscout
366.05,37,9.89,immoscout
760,63,12.06,immoscout
2172,148.71,14.61,immoscout
863.62,74.5,11.59,immoscout
1676.91,87.43,19.18,immoscout
2900,127.37,22.77,immoscout
640,10,64.00,immoscout
2597,133.19,19.50,immoscout
1184,74.31,15.93,immoscout
1899,110,17.26,immoscout
2027,144.84,13.99,immoscout
2550,161,15.84,immoscout
1650,108,15.28,immoscout
2575,142,18.13,immoscout
1710,85.5,20.00,immoscout
1122.27,64.13,17.50,immoscout
3200,240,13.33,immoscout
670.38,48.15,13.92,immoscout
2505.75,66.82,37.50,immoscout
1023.23,82.16,12.45,immoscout
861.06,61.42,14.02,immoscout
445.42,61.95,7.19,immoscout
640,13,49.23,immoscout
2548,260,9.80,immoscout
1458.42,100.65,14.49,immoscout
1100,100,11.00,immoscout
2400,112,21.43,immoscout
1800,48,37.50,immoscout
1200,37,32.43,immoscout
1799.98,76.34,23.58,immoscout
2575,103,25.00,immoscout
1299,73.41,17.70,immoscout
1562,97.62,16.00,immoscout
1799,95.8,18.78,immoscout
2557.8,121.9,20.98,immoscout
1500,73,20.55,immoscout
1700,84,20.24,immoscout
1399,106,13.20,immoscout
1230,43,28.60,immoscout
2250,116,19.40,immoscout
998.66,92.64,10.78,immoscout
2410.29,123.08,19.58,immoscout
1890,101.38,18.64,immoscout
1200,73,16.44,immoscout
1149,95.86,11.99,immoscout
1195.04,75.16,15.90,immoscout
1475,140.59,10.49,immoscout
289.72,38,7.62,immoscout
285.74,38,7.52,immoscout
795,80.28,9.90,immoscout
718.85,91,7.90,immoscout
330,39,8.46,immoscout
4000,152.7,26.20,immoscout
920,70,13.14,immoscout
910,70,13.00,immoscout
2227.5,165,13.50,immoscout
1335,76.21,17.52,immoscout
679.59,75.51,9.00,immoscout
780.5,62.44,12.50,immoscout
533.97,59.33,9.00,immoscout
876.4,97,9.04,immoscout
549.98,59,9.32,immoscout
704,88,8.00,immoscout
500,22.25,22.47,immoscout
248,31,8.00,immoscout
665.03,83,8.01,immoscout
1735,118,14.70,immoscout
1368,76,18.00,immoscout
980,75,13.07,immoscout
912,48,19.00,immoscout
608.58,67.62,9.00,immoscout
1250,108.13,11.56,immoscout
970.88,52.48,18.50,immoscout
647,42.8,15.12,immoscout
735,74,9.93,immoscout
579,60,9.65,immoscout
579,60,9.65,immoscout
1600,86.4,18.52,immoscout
2150,190,11.32,immoscout
538,19,28.32,immoscout
1711.35,95.34,17.95,immoscout
2131.1,122.83,17.35,immoscout
1775,99.44,17.85,immoscout
1050.25,56.25,18.67,immoscout
1602,89,18.00,immoscout
1550.88,116,13.37,immoscout
1094.73,84.21,13.00,immoscout
595,23.08,25.78,immoscout
1322.24,82.64,16.00,immoscout
2700,198,13.64,immoscout
1033.35,46.97,22.00,immoscout
869,90,9.66,immoscout
2850,165,17.27,immoscout
841.8,36.6,23.00,immoscout
2610,127.66,20.44,immoscout
550,45.25,12.15,immoscout
428.29,64.02,6.69,immoscout
925,66,14.02,immoscout
1761.17,90.06,19.56,immoscout
1266.6,66.4,19.08,immoscout
850,30,28.33,immoscout
349.58,43,8.13,immoscout
787,63,12.49,immoscout
653.14,75.16,8.69,immoscout
289.72,38,7.62,immoscout
2200,150,14.67,immoscout
2350,118,19.92,immoscout
1636.65,109.11,15.00,immoscout
570,28.89,19.73,immoscout
585,25.05,23.35,immoscout
826,39.55,20.88,immoscout
2570,156.68,16.40,immoscout
1990,125.49,15.86,immoscout
1297,114,11.38,immoscout
2575,142,18.13,immoscout
449,20.3,22.12,immoscout
459,20.3,22.61,immoscout
900.1,35.16,25.60,immoscout
1580,103.12,15.32,immoscout
464.17,66.31,7.00,immoscout
950,68,13.97,immoscout
1641,126,13.02,immoscout
1133.65,64.78,17.50,immoscout
1157.11,66.31,17.45,immoscout
3008.15,170.45,17.65,immoscout
1158.84,66.6,17.40,immoscout
1180,56,21.07,immoscout
880,56.7,15.52,immoscout
1490,99.4,14.99,immoscout
1365,70,19.50,immoscout
2100,140.16,14.98,immoscout
1929,106.98,18.03,immoscout
5981,225,26.58,immoscout
2500,127,19.69,immoscout
1700.14,128,13.28,immoscout
1142.87,99,11.54,immoscout
1550,85,18.24,immoscout
1764.91,92.89,19.00,immoscout
530,35.81,14.80,immoscout
430,28,15.36,immoscout
900,38.35,23.47,immoscout
1279.76,75.28,17.00,immoscout
1550,80.95,19.15,immoscout
4416.4,110.41,40.00,immoscout
5540.64,131.92,42.00,immoscout
5540.64,131.92,42.00,immoscout
4416.4,110.41,40.00,immoscout
4416.4,110.41,40.00,immoscout
850,42,20.24,immoscout
2593.4,129.67,20.00,immoscout
465,19.5,23.85,immoscout
1464.13,117.13,12.50,immoscout
1014.3,57.96,17.50,immoscout
1776.53,118.44,15.00,immoscout
1412.95,97.45,14.50,immoscout
399,11,36.27,immoscout
2200,124,17.74,immoscout
534.93,59,9.07,immoscout
399,11,36.27,immoscout
399,11,36.27,immoscout
1299.9,54.05,24.05,immoscout
1773.65,100.49,17.65,immoscout
1766.18,91.04,19.40,immoscout
1666.68,98.04,17.00,immoscout
1745.5,130,13.43,immoscout
1169.14,82.05,14.25,immoscout
1107.76,68.17,16.25,immoscout
1771.67,98.7,17.95,immoscout
1740.61,96.97,17.95,immoscout
1346,69,19.51,immoscout
3300,152,21.71,immoscout
1750,0,#DIV/0!,immoscout
2157.1,154.35,13.98,immoscout
1130.56,65.35,17.30,immoscout
1718.24,96.26,17.85,immoscout
1148.37,66.38,17.30,immoscout
1750.81,96.73,18.10,immoscout
1730.2,96.93,17.85,immoscout
1335.48,107.25,12.45,immoscout
2200,100.46,21.90,immoscout
2365,98,24.13,immoscout
860,48,17.92,immoscout
1397.4,76.57,18.25,immoscout
3315,138,24.02,immoscout
1560,80.9,19.28,immoscout
492,24,20.50,immoscout
1150,90,12.78,immoscout
1900,130,14.62,immoscout
850,75,11.33,immoscout
689.99,79,8.73,immoscout
1336.02,75.91,17.60,immoscout
2873.56,151,19.03,immoscout
2442.5,228.27,10.70,immoscout
1222,47,26.00,immoscout
1854.81,92.05,20.15,immoscout
2149.92,119.44,18.00,immoscout
1543.56,81.67,18.90,immoscout
2487.88,121.36,20.50,immoscout
2990,120,24.92,immoscout
1528.55,81.96,18.65,immoscout
1583.5,86.06,18.40,immoscout
610,61,10.00,immoscout
1030,81.5,12.64,immoscout
1336.02,75.91,17.60,immoscout
478.98,30.47,15.72,immoscout
545,23.16,23.53,immoscout
1250,56.61,22.08,immoscout
2200,109,20.18,immoscout
2442.88,111,22.01,immoscout
2980,142,20.99,immoscout
2200,107,20.56,immoscout
2824.03,131,21.56,immoscout
2800,174.93,16.01,immoscout
1686.6,112.44,15.00,immoscout
1698,101.02,16.81,immoscout
1999,125.2,15.97,immoscout
785.03,58.15,13.50,immoscout
464.69,24.25,19.16,immoscout
1252,64.14,19.52,immoscout
1251.06,89.17,14.03,immoscout
1045.66,74.53,14.03,immoscout
2491,99.65,25.00,immoscout
322.41,37.93,8.50,immoscout
1614.62,84.98,19.00,immoscout
1300,57,22.81,immoscout
1349,51,26.45,immoscout
1099,43,25.56,immoscout
420,20.3,20.69,immoscout
1295,64,20.23,immoscout
1935,122,15.86,immoscout
2700,169.53,15.93,immoscout
2780,173.79,16.00,immoscout
1250,129.53,9.65,immoscout
868,65.54,13.24,immoscout
2400,100,24.00,immoscout
1836,153,12.00,immoscout
3440,176.5,19.49,immoscout
2457.8,122.89,20.00,immoscout
1600,55,29.09,immoscout
1680,75,22.40,immoscout
598.9,59.89,10.00,immoscout
950,67.86,14.00,immoscout
1632,136,12.00,immoscout
1640,102.41,16.01,immoscout
3670,153,23.99,immoscout
1495.62,106.83,14.00,immoscout
1872.6,124.84,15.00,immoscout
1960.75,126.5,15.50,immoscout
1810,121.91,14.85,immoscout
1390,73.78,18.84,immoscout
621.51,72,8.63,immoscout
1250,87,14.37,immoscout
483.28,56,8.63,immoscout
2565,171,15.00,immoscout
3800,200,19.00,immoscout
1440,80,18.00,immoscout
1710,95,18.00,immoscout
4400,123,35.77,immoscout
717.27,77.88,9.21,immoscout
5100,123,41.46,immoscout
1199,52,23.06,immoscout
1390,55,25.27,immoscout
875,35,25.00,immoscout
1730,93,18.60,immoscout
1543.19,81.65,18.90,immoscout
2131.92,101.52,21.00,immoscout
2720,68,40.00,immoscout
1095,68.63,15.96,immoscout
1444.64,99.63,14.50,immoscout
1450,102,14.22,immoscout
2200,131.19,16.77,immoscout
1854.81,92.05,20.15,immoscout
1813.37,98.02,18.50,immoscout
3582,199.07,17.99,immoscout
1602.13,91.55,17.50,immoscout
1553.85,115.1,13.50,immoscout
2058,117.6,17.50,immoscout
2052.75,117.3,17.50,immoscout
2135,123,17.36,immoscout
1880.75,92.42,20.35,immoscout
1103.3,64.9,17.00,immoscout
5700,186,30.65,immoscout
825,65.96,12.51,immoscout
1625,65,25.00,immoscout
1180,59,20.00,immoscout
2490,170,14.65,immoscout
4636.35,300,15.45,immoscout
744,62,12.00,immoscout
1000,59,16.95,immoscout
2265,141.49,16.01,immoscout
1805,112.71,16.01,immoscout
2135.49,101.69,21.00,immoscout
2487.88,121.36,20.50,immoscout
2259.45,121.15,18.65,immoscout
1841.94,92.56,19.90,immoscout
1576.88,85.7,18.40,immoscout
1528.55,81.96,18.65,immoscout
386,32.86,11.75,immoscout
2275.82,122.29,18.61,immoscout
1677.36,93.97,17.85,immoscout
317.55,41.06,7.73,immoscout
1105,55,20.09,immoscout
1850,90.02,20.55,immoscout
1749.98,80.98,21.61,immoscout
309,30,10.30,immoscout
1373,114.42,12.00,immoscout
2149.92,119.44,18.00,immoscout
1771.45,97.87,18.10,immoscout
2200,121,18.18,immoscout
1529.44,81.57,18.75,immoscout
2200,135,16.30,immoscout
1600,80,20.00,immoscout
1290,80,16.13,immoscout
1450,85,17.06,immoscout
1872.39,108.86,17.20,immoscout
1990,125.46,15.86,immoscout
1952.44,104.13,18.75,immoscout
906,56.57,16.02,immoscout
1066,69.4,15.36,immoscout
1999.19,101.43,19.71,immoscout
1873.01,108.58,17.25,immoscout
2162.91,111.49,19.40,immoscout
2379.41,122.65,19.40,immoscout
2394,133,18.00,immoscout
1500,41,36.59,immoscout
1050,42,25.00,immoscout
950,27,35.19,immoscout
1700,62,27.42,immoscout
728.61,30.98,23.52,immoscout
1400,90,15.56,immoscout
840,89,9.44,immoscout